Syriac	Transliteration	English	PartOfSpeech	Gender	State	Root	Stem	Lesson	Notes
ܐܠܗܐ	Alāhā	God	noun	m	emphatic			0	cognate with Arabic Allāh
ܐܣܛܪܢܓܠܐ	Estrangelā	"""Rounded"" script"	noun	f	emphatic			0	
ܝܘܚܢܢ	Yūḥannan	John	noun	m				0	Proper Name.
ܕܝܘܬܐ	dīyūtā	ink	noun	f	emphatic			0	
ܡܠܟܐ	malkā	king	noun	m	emphatic			0	Semitic root *m-l-k*
ܡܓܠܬܐ	megalltā	scroll	noun	f	emphatic			0	
ܢܡܘܣܐ	nāmūsā	Law (from Gk Nomos)	noun	m	emphatic			0	From Gk nomos via Aramaic
ܢܘܗܪܐ	nūhrā	light	noun	m	emphatic			0	Root *n-h-r*. Cf. Arabic *nūr*
ܩܠܡܐ	qalmā	pen, reed	noun	m	emphatic			0	
ܩܪܨܐ	qarṣā	parchment	noun	m	emphatic			0	
ܣܦܪܐ	sāp̄rā	scribe, writer	noun	m	emphatic			0	
ܐܪܥܐ	ʾarʿā	earth, land	noun	f	emphatic			0	Cognate with Hebrew *ʾereṣ*, Arabic *ʾarḍ*
ܒܪܢܫܐ	barnāšā	Human, son of man	noun	m				1	Compounded from *bar* (son) + *nāšā* (man). Standard term for human.
ܒܣܪܐ	besrā	flesh	noun	m	emphatic			1	
ܒܝܫܐ	bīšā	evil, bad	noun	m	emphatic			1	Adjective behaving as noun.
ܕܚܠܬܐ	deḥltā	fear, religion	noun	f	emphatic			1	abstract noun
ܕܝܢܐ	dīnā	judgment	noun	m	emphatic			1	Cf. Heb dīn (legal judgment),
ܓܪܡܐ	garmā	bone	noun	m	emphatic			1	
ܗܝܟܠܐ	hayklā	temple, palace	noun	m				1	Cf. Heb hēḵāl (from Akkadian
ܗܢܝܢ	hennēn	They (f)	pronoun					1	hunna (هنّ)
ܗܢܘܢ	hennōn	They (m)	pronoun					1	hum (هم)
ܗܝ	hī	She / It	pronoun					1	hiya (هي)
ܗܘ	hū	He / It	pronoun					1	huwa (هو)
ܟܐܦܐ	kēpā	stone, rock	noun	f	emphatic			1	
ܠܫܢܐ	leššānā	tongue, language	noun	m	emphatic			1	
ܡܠܟܘܬܐ	malkūttā	kingdom	noun	f	emphatic			1	Abstract noun ending *-ūttā*
ܡܝܐ	mayyā	water	noun	m	emphatic			1	plural in form; plural form
ܡܕܝܢܬܐ	mdīttā	city	noun	f	emphatic			1	
ܡܠܬܐ	meltā	word, Logos	noun	f	emphatic			1	The Syriac translation of Greek *Logos* (John 1:1)
ܡܫܚܐ	mešḥā	oil, ointment	noun	m	emphatic			1	From m-š-ḥ (anoint); root of Messiah
ܢܗܪܐ	nahrā	river	noun	m	emphatic			1	
ܢܘܢܐ	nūnā	fish	noun	m	emphatic			1	
ܦܘܡܐ	pūmā	mouth	noun	m	emphatic			1	
ܩܝܣܐ	qaysā	wood, tree	noun	m				1	
ܩܪܝܬܐ	qrītā	village	noun	f	emphatic			1	emphatic state
ܩܝܡܐ	qyāmā	covenant	noun	m	emphatic			1	Double meaning: covenant (cf. Heb
ܪܒܐ	rabbā	Great, large	noun	m				1	"Root *r-b-b*. Cf. ""Rabbi"" (my great one)."
ܪܓܠܐ	reglā	foot	noun	f				1	
ܣܒܪܐ	sabrā	hope	noun	m				1	
ܣܗܪܐ	sahrā	moon	noun	m	emphatic			1	
ܣܗܕܐ	sāhdā	witness, martyr	noun	m	emphatic			1	
ܬܪܥܐ	tarʿā	door, gate	noun	m	emphatic			1	
ܬܘܪܐ	tawrā	bull, ox	noun	m	emphatic			1	
ܫܡܫܐ	šemšā	sun	noun	m	emphatic			1	
ܫܠܡܐ	šlāmā	peace, greeting	noun	m	emphatic			1	Root š-l-m. Heb *Shalom*, Arabic *Salam*
ܐܢܬ	ʾant	You (m)	pronoun					1	ʾanta (أنتَ)
ܐܢܬܝ	ʾanti	You (f)	pronoun					1	ʾanti (أنتِ)
ܐܢܬܝܢ	ʾantēn	You (f.pl)	pronoun					1	ʾantunna (أنتنّ)
ܐܢܬܘܢ	ʾantūn	You (m.pl)	pronoun					1	ʾantum (أنتم)
ܐܬܪܐ	ʾatrā	place, country	noun	m	emphatic			1	
ܐܕܢܐ	ʾednā	ear	noun	f	emphatic			1	
ܐܢܐ	ʾenā	I	pronoun					1	anā (أنا)
ܐܘܪܚܐ	ʾūrḥā	way, road	noun	f	emphatic			1	
ܥܝܢܐ	ʿaynā	eye	noun	f	emphatic			1	
ܚܝܠܐ	ḥaylā	power, army	noun	m	emphatic			1	
ܚܝܐ	ḥayyē	life	noun	m	emphatic			1	Root *ḥ-y-y*. Plural form (like Heb *ḥayyīm*)
ܚܢܢ	ḥnan	We	pronoun					1	naḥnu (نحن)
ܛܒܐ	ṭābā	good	noun	m	emphatic			1	Adjective behaving as noun. Heb *ṭōb*
ܕܒܝܩܘܬܐ	dəḇīqūttā	clinging, adherence	noun	f	emphatic	d-b-q		2	from root d-b-q
ܕܒܪܢܐ	dəbrānā	word, matter	noun	m	emphatic	d-b-r	Peal	2	related to d-b-r
ܕܟܪܢܐ	dəkrānā	memory, remembrance	noun	m	emphatic	d-k-r	Peal	2	from root d-k-r
ܡܣܟܢܘܬܐ	meskēnūttā	poverty, want	noun	f	emphatic	m-s-k-n		2	abstract noun
ܓܕܘܠܘܬܐ	gdūlūttā	greatness, grandeur	noun	f	emphatic	g-d-l	Peal	2	from root g-d-l
ܓܡܝܪܘܬܐ	gmīrūttā	completion, perfection	noun	f	emphatic	g-m-r		2	from root g-m-r
ܓܡܠܘܬܐ	gəmālūttā	kindness, mercy	noun	f	emphatic	g-m-l	Peal	2	from root g-m-l
ܣܝܓܐ	syāgā	enclosure, hedge	noun	m	emphatic	s-w-g		2	from root s-w-g
ܟܦܪܐ	kəprā	village, hamlet	noun	m	emphatic	k-p-r	noun	2	place noun
ܠܒܘܫܐ	lbūšā	garment, clothing	noun	m	emphatic	l-b-š	Peal	2	from root l-b-š
ܠܒܟܬܐ	leḇkātā	capture, grasping	noun	f	emphatic	l-b-k		2	from root l-b-k
ܦܘܠܚܢܐ	pūlḥānā	labor, toil	noun	m	emphatic	p-l-ḥ	Peal	2	from root p-l-ḥ
ܦܓܥܐ	pegʿā	encounter, accident	noun	m	emphatic	p-g-ʿ		2	from root p-g-ʿ
ܦܠܓܘܬܐ	pəlgūttā	division, share	noun	f	emphatic	p-l-g	Peal	2	from root p-l-g
ܦܩܪܐ	pəqrā	opening, aperture	noun	m	emphatic	p-q-r	Peal	2	from root p-q-r
ܦܣܡܐ	pəsmā	measure, standard	noun	m	emphatic	p-s-m	noun	2	
ܩܕܝܫܘܬܐ	qaddīšūttā	holiness, sanctity	noun	f	emphatic	q-d-š		2	from root q-d-š
ܩܠܦܬܐ	qəlpəttā	shell, exterior	noun	f	emphatic	q-l-p	noun	2	
ܪܘܓܙܐ	rugzā	rage, wrath	noun	m	emphatic	r-g-z		2	from root r-g-z
ܪܘܡܐ	rawmā	height, elevation	noun	m	emphatic	r-w-m		2	from root r-w-m
ܝܕܥܬܐ	īdaʿtā	knowledge	noun	f	emphatic	y-d-ʿ		2	from root y-d-ʿ
ܫܒܬܐ	šabbtā	sabbath, week	noun	f		š-b-t		2	
ܫܡܥ	šāmaʿ	to hear	verb			š-m-ʿ	Peal	2	
ܫܠܡܘܬܐ	šəlmūttā	completeness, wholeness	noun	f	emphatic	š-l-m	Peal	2	from root š-l-m
ܢܛܘܪܬܐ	nāṭōrtā	guard, watchfulness	noun	f	emphatic	n-ṭ-r		2	from root n-ṭ-r
ܫܘܚܠܦܐ	šuḥlāpā	change, alteration	noun	m	emphatic	š-ḥ-l-p		2	from root š-ḥ-l-p
ܫܦܥܐ	šəpʿā	abundance, plenty	noun	m	emphatic	š-p-ʿ	Peal	2	from root š-p-ʿ
ܨܒܥܐ	ṣeḇʿā	finger	noun	f	emphatic	ṣ-b-ʿ		2	body part
ܥܠܩܐ	ʿalqā	ascent, stairway	noun	m	emphatic	ʿ-l-q	Peal	2	from root ʿ-l-q
ܥܒܕ	ʿābed	to do, make	verb			ʿ-b-d	Peal	2	
ܥܪܛܠܝܘܬܐ	ʿarṭlāyūttā	nakedness, exposure	noun	f	emphatic	ʿ-r-ṭ-l		2	from root ʿ-r-ṭ-l
ܚܙܐ	ḥāzē	to see	verb			ḥ-z-y	Peal	2	
ܥܘܫܢܐ	ʿūšnā	strength, might	noun	m	emphatic	ʿ-š-n		2	from root ʿ-š-n
ܝܠܕ	īled	to give birth	verb		absolute	y-l-d	Peal	3	narrative verb, past action
ܕܡܥܬܐ	demʿətā	tear, weeping	noun	f	emphatic	d-m-ʿ		3	from root d-m-ʿ
ܕܘܪܟܐ	dūrkā	treading, path	noun	m	emphatic	d-r-k		3	from root d-r-k
ܦܠܚ	plaḥ	to serve, work	verb			p-l-ḥ	Peal	3	
ܓܠܝܘܬܐ	gelyūttā	revelation, manifestation	noun	f	emphatic	g-l-y		3	from root g-l-y
ܓܢܘܒܘܬܐ	gənūbūttā	theft, stealing	noun	f	emphatic	g-n-b	Peal	3	from root g-n-b
ܓܪܒܐ	garbā	scab, leprosy	noun	m	emphatic	g-r-b		3	from root g-r-b
ܟܝܢܐ	kyānā	nature, being	noun	m	emphatic	k-w-n		3	from root k-w-n
ܠܐ	lā	not	particle					3	
ܫܒܝܐ	šəḇyā	captive, prisoner	noun	m	emphatic	š-b-y		3	from root š-b-y
ܡܕܒܪܢܐ	mədbərānā	leader, guide	noun	m	emphatic	d-b-r	Peal	3	from root d-b-r
ܡܦܩܢܐ	mappqānā	going out, exit	noun	m	emphatic	n-p-q		3	from root n-p-q
ܢܦܩ	npaq	to go out	verb			n-p-q	Peal	3	
ܢܛܘܪܘܬܐ	nāṭōrūttā	watching, guarding	noun	f	emphatic	n-ṭ-r		3	from root n-ṭ-r
ܢܛܪ	nṭar	to keep, watch	verb			n-ṭ-r	Peal	3	
ܡܡܠܠܐ	mamlā	speech, discourse	noun	m	emphatic	m-l-l		3	from root m-l-l
ܡܚܘܬܐ	mḥūtā	striking, blow	noun	f	emphatic	m-ḥ-y		3	from root m-ḥ-y
ܫܒܝܬܐ	šḇītā	captivity, escape	noun	f	emphatic	š-b-y		3	from root š-b-y
ܦܠܚܘܬܐ	pəlḥūttā	service, labor	noun	f	emphatic	p-l-ḥ	Peal	3	from root p-l-ḥ
ܫܠܝܛܐ	šallīṭā	authority, ruler	noun	m	emphatic	š-l-ṭ		3	from root š-l-ṭ
ܩܕܡ	qdām	before	preposition					3	
ܩܪܒ	qreb	to draw near	verb			q-r-b	Peal	3	
ܩܘܪܒܐ	qūrbā	drawing near, approach	noun	m	emphatic	q-r-b		3	from root q-r-b
ܩܛܠܐ	qeṭlā	slaughter, killing	noun	m	emphatic	q-ṭ-l		3	from root q-ṭ-l
ܪܕܘܦܝܐ	redūpyā	pursuit, persecution	noun	m	emphatic	r-d-p		3	from root r-d-p
ܪܓܡܐ	regmā	stoning, lapidation	noun	m	emphatic	r-g-m		3	from root r-g-m
ܣܠܩ	sālaq	to ascend, climb	verb		absolute	s-l-q	Peal	3	narrative verb, common in Peshitta
ܣܒܥܘܬܐ	səbʿūttā	satisfaction, plenty	noun	f	emphatic	s-b-ʿ	Peal	3	from root s-b-ʿ
ܫܒܩ	šbaq	to leave, abandon	verb			š-b-q	Peal	3	
ܫܪܐ	šrā	loosen, release	verb			š-r-y	Peal	3	
ܫܘܒܩܢܐ	šūbqānā	(one) abandoned	noun	m	emphatic	š-b-q	Peal	3	from root š-b-q
ܫܘܒܩܢܐ	šubqānā	forgiveness, remission	noun	m	emphatic	š-b-q		3	from root š-b-q
ܡܛܪܬܐ	maṭartā	guard, watch	noun	f	emphatic	n-ṭ-r		3	from root n-ṭ-r
ܥܡܕܐ	ʿamdā	pillar, column	noun	m	emphatic	ʿ-m-d	noun	3	
ܥܩܪ	ʿaqar	to root out, dig	verb		absolute	ʿ-q-r	Peal	3	narrative verb, past action
ܥܪܩ	ʿraq	to flee	verb			ʿ-r-q	Peal	3	
ܡܣܩܢܐ	masqānā	ascent, rising	noun	m	emphatic	s-l-q		3	from root s-l-q
ܥܪܘܩܐ	ʿārōqā	fugitive	noun	f	emphatic	ʿ-r-q	Peal	3	from root ʿ-r-q
ܚܡܝܡܘܬܐ	ḥammīmūttā	heat, warmth	noun	f	emphatic	ḥ-m-m		3	from root ḥ-m-m
ܒܪ	bar	son	noun	m	absolute			4	
ܒܪܐ	brā	Son	noun	m				4	(Construct: ܒܪ)
ܒܪܬܐ	brattā	Daughter	noun	f				4	(Construct: ܒܪܬ)
ܒܝܬܐ	baytā	house	noun	m	emphatic			4	
ܒܪܬܐ	brattā	daughter	noun	f	emphatic			4	
ܒܝܬܐ	baytā	House	noun					4	(Construct: ܒܝܬ)
ܕܪܥܐ	darʿā	arm	noun	f	emphatic		Peal	4	
ܓܢܒܐ	ganbā	thigh	noun	m	emphatic		Peal	4	
ܓܒܘܪܐ	gibbōrā	mighty, strong	adj	m	emphatic		Peal	4	
ܟܠܬܐ	kaltā	bride	noun	f	emphatic		Peal	4	
ܠܒܘܫܐ	lbūšā	Garment	noun					4	(Construct: ܠܒܘܫ)
ܡܣܟܢܐ	meskennā	poor, humble	adj	m	emphatic		Peal	4	
ܡܢܐ	mānā	What?	interrogative					4	(Construct: ܡܐ)
ܡܐ	mānā	what	pronoun					4	
ܦܠܛܐ	paltā	escape, safety	noun	m	emphatic		Peal	4	
ܩܠܝܠܐ	qlīllā	small, few	adj	m	emphatic		Peal	4	
ܩܠܐ	qālā	Voice (m)	noun	m				4	(Construct: ܩܠ)
ܪܝܫܐ	rēšā	Head (m)	noun	m				4	(Construct: ܪܝܫ)
ܣܦܘܬܐ	sputā	lip	noun	f	emphatic		Peal	4	
ܬܠܓܐ	talggā	ridge, back	noun	m	emphatic		Peal	4	
ܝܚܝܕܐ	yḥīddā	alone, unique	adj	m	emphatic		Peal	4	
ܐܒܐ	ʾabā	Father	noun	m				4	(Construct: ܐܒ)
ܐܝܟܘ	ʾaykō	Where?	interrogative					4	
ܐܚܐ	ʾaḥā	Brother	noun	m				4	(Construct: ܐܚ)
ܐܡܐ	ʾemmā	Mother	noun	f				4	(Construct: ܐܡ)
ܐܡܐ	ʾemmā	mother	noun	f	emphatic			4	
ܐܝܕܐ	ʾīdā	Hand (f)	noun	f				4	(Construct: ܐܝܕ)
ܥܕܠܐ	ʿaddālā	just, righteous	adj	m	emphatic		Peal	4	
ܥܓܠܐ	ʿaggālā	calf (leg part)	noun	m	emphatic		Peal	4	
ܥܡܩܐ	ʿammqā	deep	adj	m	emphatic		Peal	4	
ܥܡܬܐ	ʿammtā	aunt (paternal)	noun	f	emphatic		Peal	4	
ܥܡܘܪܐ	ʿammūrā	uncle (paternal)	noun	m	emphatic		Peal	4	
ܥܬܝܪܐ	ʿattīrā	rich, mighty	adj	m	emphatic		Peal	4	
ܚܬܢܐ	ḥatnā	bridegroom	noun	m	emphatic		Peal	4	
ܨܪܐ	ṣirē	side, rib	noun	f	emphatic		Peal	4	
ܐܓܠܘܬܐ	aglūtā	revelation	noun	f	emphatic		Peal	5	
ܐܠܒܘܫܐ	albūšā	clothing	noun	m	emphatic		Peal	5	
ܐܠܦܘܬܐ	alpūtā	teaching	noun	f	emphatic		Peal	5	
ܐܫܕܘܬܐ	asdūtā	sending	noun	f	emphatic		Peal	5	
ܐܥܠܘܬܐ	aʿlūtā	ascent	noun	f	emphatic		Peal	5	
ܒܪܐ	brā	to create	verb			b-r-ʾ	Peal	5	
ܒܪܝܬܐ	brīttā	creation	noun	f				5	From Peal brā; cf. Heb bārāʾ, Gen
ܒܘܪܟܬܐ	būrktā	blessing	noun	f	emphatic			5	From b-r-k; cf. Heb bĕrākāh,
ܓܠܝܐ	glāyā	revelation, disclosure	noun	f	emphatic			5	From Aphel ʾaglī; cf. Gk
ܗܝܡܢܘܬܐ	haymānūttā	faith, trust	noun	f	emphatic			5	Abstract noun from hayman; cf.
ܟܬܒܐ	ktābā	book, scripture	noun	m	emphatic			5	From k-t-b; cf. Arabic kitāb,
ܟܠܐ	kulleh	all	noun	m	emphatic			5	
ܟܐܢܘܬܐ	kēnūttā	righteousness	noun	f	emphatic			5	Cf. Gk dikaiosynē, Heb ṣĕdāqāh
ܡܕܒܪܐ	madbārā	wilderness	noun	m	emphatic			5	
ܡܥܡܘܕܝܬܐ	maʿmūdīttā	baptism	noun	f	emphatic			5	Lit. \'immersion\'; from ʿ-m-d;
ܢܒܘܬܐ	nebūttā	prophecy	noun	f	emphatic			5	From n-b-y; cf. Heb nĕbūʾāh, Gk
ܦܘܪܩܢܐ	purqānā	redemption, salvation	noun	m	emphatic			5	
ܩܕܫ	qaddaš	to sanctify	verb			q-d-š	Paael	5	Cf. Heb Piel qiddēš;
ܪܚܡܐ	raḥmē	mercy	noun	m	emphatic			5	Pl. of raḥmā; cognate with Heb
ܪܐܙܐ	rāzā	mystery	noun	m	emphatic			5	
ܪܘܚܐ	rūḥā	spirit, wind	noun	f				5	f\. noun; cf. Heb rūaḥ, Arabic
ܫܕܪܐ	šedārā	sending, mission	noun	m	emphatic			5	From šadar; cf. Heb šāliaḥ
ܫܘܒܚܐ	šūbḥā	glory, praise	noun	m	emphatic			5	Cf. Heb kābōd; used in doxologies
ܐܓܠܐ	ʾaglā	reveal	verb	m		g-l-y	Aphel	5	
ܐܓܠܝ	ʾaglī	to reveal	verb			g-l-y	Aphel	5	
ܐܠܒܫ	ʾalbāš	clothе	verb	m		l-b-š	Aphel	5	
ܡܐܠܦ	ʾallep	to teach	verb			ʾ-l-p	Aphel	5	
ܐܠܦܐ	ʾalpā	teach	verb	m		l-p-y	Aphel	5	
ܐܦܩܕ	ʾapqad	entrust	verb	m		p-q-d	Aphel	5	
ܐܩܪܒ	ʾaqreb	to bring near	verb	m		q-r-b	Aphel	5	
ܐܩܘܡ	ʾaqūm	raise, stand	verb	m		q-w-m	Aphel	5	
ܐܪܡܝ	ʾarmī	lift up	verb	m		r-m-y	Aphel	5	
ܐܣܬܡܐ	ʾastmā	hide	verb	m		s-t-m	Aphel	5	
ܐܫܕܪ	ʾašdar	send	verb	m		š-d-r	Aphel	5	
ܐܚܝܐ	ʾaḥyā	give life	verb	m		ḥ-y-y	Aphel	5	
ܐܚܝܝ	ʾaḥyī	to save	verb			ḥ-y-y	Aphel	5	
ܐܟܪܙ	ʾkraz	to proclaim	verb			k-r-z	Aphel	5	
ܐܦܪܩ	ʾpraq	to redeem	verb			p-r-q	Aphel	5	
ܐܘܠܦܢܐ	ʾūlpānā	teaching	noun	m	emphatic			5	Abstract noun from Aphel ʾallep
ܥܡܐ	ʿammā	people	noun	m	emphatic			5	
ܛܝܒܘܬܐ	ṭaybūttā	grace, goodness	noun	f	emphatic			5	Abstract noun from ṭāb (good);
ܒܪܟ	barrek	to bless	verb			b-r-k	Paael	6	Cf. Heb Piel bērak;
ܒܣܡܐ	besmā	incense, spice	noun	m				6	Cf. Heb bōśem; Arabic balsam
ܕܟܝ	dakkī	to purify	verb			d-k-y	Paael	6	Factitive of \'be
ܟܗܢܘܬܐ	kahnūttā	priesthood	noun	f	emphatic			6	
ܟܢܘܫܬܐ	knūštā	synagogue	noun	f	emphatic			6	From k-n-š (gather); cf. Heb kĕneset
ܟܗܢܐ	kāhnā	priest	noun	m	emphatic			6	Cf. Heb kōhēn; Arabic kāhin
ܟܣܐ	kāsā	cup	noun	m	emphatic			6	Cf. Heb kôs; Gk potērion
ܠܚܡܐ	laḥmā	bread, food	noun	m	emphatic			6	Cf. Heb leḥem (Bethlehem = bēt
ܠܛ	laṭ	curse	verb				Peal l-ṭ	6	Antonym of barrek; cf.
ܡܕܒܚܐ	madbḥā	altar	noun	m	emphatic			6	From d-b-ḥ (slaughter/sacrifice);
ܡܠܠ	mallel	to speak	verb			m-l-l	Paael	6	Intensive of speech;
ܡܪܡܐ	marmā	raise, exalt	verb	m		r-m-y	Paael	6	
ܡܫܚ	mašeḥ	anoint, smear	verb				Paael m-š-ḥ	6	Root of mĕšīḥā
ܡܒܪܟ	mbarrek	blessing (participle)	noun	m	emphatic			6	
ܦܠܓܐ	palggā	divide	verb	m		p-l-g	Paael	6	
ܦܠܓܘܬܐ	palġūtā	division	noun	f	emphatic		Peal	6	
ܦܪܙܦܐ	parzappā	interpreter	noun	m	emphatic		Peal	6	
ܦܘܩܕܢܐ	pūqdānā	commandment	noun	m	emphatic			6	From p-q-d (command); cf. Heb piqqūd
ܩܒܠ	qabbel	to receive	verb			q-b-l	Paael	6	Cf. Arabic qabila; used
ܩܕܐܫܐ	qaddāšā	make holy	verb	m		q-d-š	Paael	6	
ܩܕܫܘܬܐ	qaddšūtā	holiness	noun	f	emphatic		Peal	6	
ܩܘܪܒܢܐ	qūrbānā	offering	noun	m	emphatic			6	From q-r-b (draw near/offer); cf.
ܣܓܕܐ	saggad	worship	verb	m		s-g-d	Paael	6	
ܣܓܕܘܬܐ	saġdūtā	worship	noun	f	emphatic		Peal	6	
ܣܓܕ	sgad	bow down	verb				Peal s-g-d	6	Cf. Arabic sajada; Heb
ܝܠܦ	yallep	teach	verb			y-l-p	Paael y-l-p	6	Factitive of \'learn\';
ܫܒܚ	šabbeḥ	to praise	verb			š-b-ḥ	Paael	6	Cf. Syriac šūbḥā
ܫܡܫ	šammeš	minister	verb				Paael š-m-š	6	Liturgical service; cf.
ܚܓܓ	ḥagag	feast	verb				Peal ḥ-g-g	6	Cf. Heb ḥāgag; Arabic
ܨܠܝ	ṣallī	pray	verb				Paael ṣ-l-y	6	Cf. Heb hitpallēl;
ܨܡ	ṣam	fast, abstain	verb				Peal ṣ-w-m	6	Cf. Heb ṣûm; Arabic
ܨܠܘܬܐ	ṣlūttā	prayer	noun	f	emphatic			6	From ṣ-l-y; cf. Heb tefillah
ܛܦܦܐ	ṭappā	strike, beat	verb	m		t-p-p	Paael	6	
ܒܢܐ	bnā	to build	verb			b-n-y	Peal	7	III-Yodh
ܒܢܝܢܐ	benyānā	building, structure	noun	m	emphatic	b-n-y		7	from III-Yodh root b-n-y
ܕܘܩܐ	dūqā	bench, throne	noun	m	emphatic	d-w-q	weak	7	
ܕܝܫܐ	dayšā	trampling, treading	noun	m	emphatic	d-w-š		7	from weak root d-w-š
ܕܡܘܬܐ	dəmūttā	likeness, image	noun	f	emphatic	d-m-y	Peal	7	from root d-m-y
ܓܘܪܐ	gūrā	dwelling, cave	noun	m	emphatic	g-w-r	weak	7	
ܡܘܗܒܬܐ	mawhaḇtā	gift, offering	noun	f	emphatic	y-h-b		7	from I-Yodh root y-h-b
ܗܘܝܐ	hewyā	being, existence	noun	m	emphatic	h-w-y		7	from III-Yodh root h-w-y
ܝܠܠܬܐ	yaleltā	lamenting, wailing	noun	f	emphatic	y-l-l		7	from root y-l-l
ܢܒܝܐ	nḇīyā	prophet	noun	m	emphatic	n-b-ʾ		7	from root n-b-ʾ
ܢܝܚܐ	nyāḥā	rest, tranquility	noun	m	emphatic	n-w-ḥ		7	from weak root n-w-ḥ
ܦܘܪܐ	pūrā	fruit	noun	m	emphatic	p-w-r	weak	7	
ܩܪܐ	qrā	to call, read	verb			q-r-ʾ	Peal	7	
ܩܘܡܐ	qūmā	standing, resurrection	noun	m	emphatic	q-y-m	I-Yodh	7	
ܩܪܐ	qərā	cold	noun	m	emphatic	q-r-ʾ	III-Alaph	7	
ܩܪܘܬܐ	qərūttā	calling, vocation	noun	f	emphatic	q-r-ʾ	III-Alaph	7	from III-Alaph root
ܒܗܬܬܐ	behttā	shame, disgrace	noun	f	emphatic	b-h-t		7	from root b-h-t
ܝܗܒ	yahb	to give	verb			y-h-b	Peal	7	
ܝܙܦܐ	yāzəpā	beauty, form	noun	m	emphatic	y-z-p	noun	7	
ܝܕܥ	īdaʿ	to know	verb			y-d-ʿ	Peal	7	I-Yodh
ܣܗܕܘܬܐ	sāhdūttā	testimony, witness	noun	f	emphatic	s-h-d		7	from root s-h-d
ܫܠܝܐ	šelyā	quiet, peace	noun	m	emphatic	š-l-y		7	from weak root š-l-y
ܐܟܠ	ʾekal	to eat	verb			ʾ-k-l	Peal	7	I-Alaph
ܐܡܪ	ʾemar	to say	verb			ʾ-m-r	Peal	7	I-Alaph
ܐܬܐ	ʾetā	to come	verb			ʾ-t-y	Peal	7	I-Alaph & III-Yodh
ܐܙܠ	ʾezal	to go	verb			ʾ-z-l	Peal	7	I-Alaph
ܚܕܝܘܬܐ	ḥədāyūttā	oneness, unity	noun	f	emphatic	ḥ-d-y		7	from root ḥ-d-y
ܐܬܐ	ʾātā	sign, omen	noun	f	emphatic	ʾ-t-y		7	from root ʾ-t-y
ܡܐܬܝܬܐ	meʾtīttā	coming, arrival	noun	f	emphatic	ʾ-t-y		7	from weak root ʾ-t-y
ܥܘܕܪܢܐ	ʿawdərānā	help, aid	noun	m	emphatic	ʿ-d-r	noun	7	
ܥܠܡܐ	ʿālmā	world, eternity	noun	m	emphatic	ʿ-l-m		7	from root ʿ-l-m
ܥܘܫܢܐ	ʿūšnā	strength, power	noun	m	emphatic	ʿ-š-n		7	from root ʿ-š-n
ܐܣܘܪܐ	ʾesūrā	bond, chain	noun	m	emphatic	ʾ-s-r		7	from root ʾ-s-r
ܡܣܩܬܐ	masqətā	ascent, exaltation	noun	f	emphatic	s-l-q		7	from root s-l-q
ܚܙܘܐ	ḥezwā	vision, sight	noun	m	emphatic	ḥ-z-y		7	from III-Yodh root ḥ-z-y
ܚܠܡܐ	ḥelmā	dream	noun	m	emphatic	ḥ-l-m	weak	7	
ܚܝܐ	ḥyā	to live	verb			ḥ-y-y	Peal	7	III-Yodh
ܚܙܐ	ḥzā	to see	verb			ḥ-z-y	Peal	7	III-Yodh
ܛܘܦܣܐ	ṭūpsā	pattern, type	noun	m	emphatic			7	loanword/concept
ܕܚܠܐ	deḥlā	fear	noun	m	emphatic		Peal	8	
ܕܢ	dān	to judge	verb			d-w-n	Peal	8	
ܕܝܢܐ	dīnā	judgment, law	noun	m		ܕܝܢܐ / ܕܝܢ		8	(Absolute/Construct: ܕܝܢ)
ܕܝܢܐ	dīnā	judgment, law	noun	m	emphatic			8	
ܕܚܠܬܐ	deḥltā	fear/reverence	noun	f		ܕܚܠܬܐ / ܕܚܠ		8	(Absolute/Construct: ܕܚܠ)
ܓܙܪ	gzar	to decree, cut	verb			g-z-r	Peal	8	
ܟܠܒܐ	kalbā	dog	noun	m	emphatic			8	
ܡܚܪܬܐ	meḥartā	tomorrow	noun	f	emphatic		Peal	8	
ܦܪܚܬܐ	pāraḥtā	bird	noun	f	emphatic			8	
ܦܐܪܐ	pīrā	fruit	noun	m				8	
ܦܐܠܘܬܐ	pʾāltā	trust, confidence	noun	f	emphatic		Peal	8	
ܩܛܠ	qṭal (Peal)	to kill	verb			ܩ.ܛ.ܠ	Peal	8	
ܪܫܐ	rešā	head (leadership)	noun	m	emphatic		Peal	8	
ܣܗܕ	sehed (Peal)	to testify/witness	verb			ܣ.ܗ.ܕ		8	
ܝܕܥܐ	yedʿā	knowledge	noun	m	emphatic		Peal	8	
ܝܘܡܐ	yūmā	day	noun	m		ܝܘܡܐ / ܝܘܡ		8	(Absolute/Construct: ܝܘܡ)
ܙܒܢܐ	zabnā	time	noun	m	emphatic			8	
ܙܢܐ	zannā	time, era	noun	m	emphatic		Peal	8	
ܙܒܢܐ	zabnā	time	noun	m		ܙܒܢܐ / ܙܒܢ		8	(Absolute/Construct: ܙܒܢ)
ܝܬܒ	īteb	to sit/enthrone	verb			ܝ.ܬ.ܒ	Peal	8	I-Yodh
ܫܘܩܐ	šūqā	street, market	noun	m	emphatic			8	
ܐܦܩ	ʾappiq	I will bring out	pronoun					8	
ܐܩܕܫ	ʾaqaddeš	I will sanctify	pronoun					8	
ܐܩܛܘܠ	ʾeqṭūl	I will kill	pronoun					8	
ܐܢ	ʾen	if	conjunction	conj				8	Introduces condition
ܐܘܠܝܐ	ʾōlyā	perhaps	adv					8	
ܥܕܡܐ	ʿdamā	until	preposition			ܥܕܡܐ		8	
ܥܪܒܐ	ʿerbā	sheep	noun	m	emphatic			8	
ܥܠܡܐ	ʿālmā	world, eternity	noun	m		ܥܠܡܐ / ܥܠܡ		8	(Absolute/Construct: ܥܠܡ)
ܥܠܡܐ	ʿālmā	world, eternity	noun	m	emphatic			8	Temporal and spatial boundary
ܥܩܬܐ	ʿāqtā	distress, anguish	noun	f	emphatic			8	
ܚܕܘܬܐ	ḥadūtā	joy	noun	f	emphatic			8	
ܚܝܘܬܐ	ḥayyūtā	animal, beast	noun	f	emphatic			8	
ܚܟܡܬܐ	ḥekmtā	wisdom	noun	f	emphatic			8	
ܛܘܪܐ	ṭūrā	mountain	noun	m	emphatic			8	
ܒܥܐ	bāʿē	to want, seek	verb			b-ʿ-y	Peal	9	
ܓܪܪ	grār	to drag	verb			g-r-r	Peal	9	
ܓܘܒܐ	gūbbā	pit, cistern	noun	m	emphatic			9	
ܟܢܫܐ	kansā	crowd, gathering	noun	m	emphatic			9	
ܡܟܬܒ	mektab	writing, book	noun	m	emphatic			9	
ܢܘܪܐ	nūrā	fire	noun	f	emphatic			9	
ܦܩܕ	paqed	to command	verb			p-q-d	Peal	9	
ܪܘܓܙܐ	rugzā	anger, wrath	noun	m	emphatic			9	
ܝܟܠ	yākel	to be able	verb			y-k-l	Peal	9	
ܙܥܩ	zʿaq	to cry out	verb			z-ʿ-q	Peal	9	
ܫܪܝ	šarī	to begin	verb			š-r-y	Peal	9	
ܐܣܪ	ʾasar	to bind, tie	verb			ʾ-s-r	Peal	9	
ܚܕܝ	ḥdī	to rejoice	verb			ḥ-d-y	Peal	9	
ܪܡܐ	rmā	to throw, cast	verb			r-m-y	Peal	9	
ܨܒܝܢܐ	ṣebyānā	will, desire	noun	m	emphatic			9	
ܨܒܐ	ṣābē	to wish	verb			ṣ-b-y	Peal	9	
ܕܟܐ	dkā	to purify	verb			d-k-y	Peal	10	
ܕܚܠ	dḥal	to fear	verb			d-ḥ-l	Peal	10	
ܦܪܩ	praq	to save, redeem	verb			p-r-q	Peal	10	
ܓܠܐ	glā	to reveal	verb			g-l-y	Peal	10	
ܟܠܠ	kallel	to crown	verb			k-l-l	Peal	10	
ܟܢܫ	knaš	to gather	verb			k-n-š	Peal	10	
ܡܕܥܐ	maddʿā	knowledge	noun	m	emphatic	y-d-ʿ		10	
ܡܠܐ	mlā	to fill	verb			m-l-y	Peal	10	
ܡܫܚ	mšaḥ	anoint	verb			m-š-ḥ	Peal	10	
ܢܗܪ	nahar	to illuminate	verb			n-h-r	Aphel	10	
ܐܪܡܠܘܬܐ	ʾarmlūtā	widowhood	noun	f	emphatic			10	
ܦܪܩ	praq	redeem, save	verb			p-r-q	Peal	10	
ܦܪܫ	prāš	to separate	verb			p-r-š	Aphel	10	
ܥܣܒܐ	ʿesbā	grass	noun	m	emphatic			10	
ܩܒܪ	qbar	to bury	verb			q-b-r	Peal	10	
ܬܪܕ	trad	cast out, expel	verb			t-r-d	Peal	10	
ܬܒ	tāb	to return	verb			t-w-b	Peal	10	
ܬܒ	tāb	return, repent	verb			t-w-b	Peal	10	
ܝܠܕ	yled	to give birth	verb			y-l-d	Peal	10	
ܫܕܪ	šadar	send	verb			š-d-r	Peal	10	
ܫܦܠ	špel	humiliate	verb			š-p-l	Peal	10	
ܐܕܝܢ	ʾaddīn	judge	verb			d-w-n	Aphel	10	
ܐܢܗܪ	ʾanhar	illuminate	verb			n-h-r	Aphel	10	
ܐܦܪܫ	ʾaprash	separate, distinguish	verb			p-r-š	Aphel	10	
ܐܩܝܡ	ʾaqīm	raise up	verb			q-w-m	Aphel	10	
ܐܪܝܡ	ʾarīm	to exalt	verb			r-m	Aphel	10	
ܐܣܐ	ʾasī	heal	verb			ʾ-s-y	Peal	10	
ܐܘܕܝ	ʾawdī	confess, give thanks	verb			ʾ-w-d	Aphel	10	
ܐܚܕ	ʾaḥad	to unite, make one	verb		absolute	ʾ-ḥ-d	Peal	10	passive form ʾetʾaḥed (be united)
ܐܚܝ	ʾaḥyī	save, give life	verb			ḥ-y-y	Aphel	10	
ܐܫܦܠ	ʾašpel	to humble	verb			š-p-l	Aphel	10	
ܥܡܕ	ʿmad	to baptize	verb			ʿ-m-d	Peal	10	
ܚܝܒ	ḥayyeb	condemn, make guilty	verb			ḥ-y-b	Paael	10	
ܚܠܡ	ḥelam	to dream	verb		absolute	ḥ-l-m	Peal	10	can take passive Et-stem
ܚܛܝܬܐ	ḥṭīttā	sin	noun	f	emphatic			10	Cf. Gk hamartia, Heb ḥēṭ
ܨܠܒ	ṣlab	to crucify	verb			ṣ-l-b	Peal	10	
ܨܠܒ	ṣlab	crucify	verb			ṣ-l-b	Peal	10	
ܕܒܩ	dābeq	to cling, adhere	verb		emphatic	d-b-q	Peal	11	transposes object suffix
ܕܓܫ	dāgaš	to push, press	verb		emphatic	d-g-š	Peal	11	object suffix frequent
ܕܠܗ	dāleh	to draw water	verb		emphatic	d-l-h	Peal	11	takes object suffix
ܒܙ	baz	to plunder, rob	verb			b-z-z	Peal	11	object suffix common
ܓܕܪ	gāder	to fence, hedge in	verb		emphatic	g-d-r	Peal	11	takes object suffix
ܓܡܝܪܘܬܐ	gmīrūttā	completion, perfection	noun	f	emphatic	g-m-r		11	from root g-m-r
ܣܗܕ	səhed	to witness, testify	verb			s-h-d	Peal	11	object suffix usage
ܟܣܝ	kassī	to cover, conceal	verb			k-s-y	Pael	11	takes object suffix
ܟܠܐ	klā	to prevent, withhold	verb			k-l-y	Peal	11	object suffix common
ܡܘܟܟܐ	mūkkāḵā	humiliation, lowliness	noun	m	emphatic	m-k-k		11	from root m-k-k
ܡܚܐ	mḥā	to strike	verb			m-ḥ-y	Peal	11	
ܢܣܟ	nasak	to pour, cast	verb		emphatic	n-s-k	Peal	11	common with suffixes
ܢܚܡ	naḥḥem	to raise (the dead), revive	verb			n-ḥ-m	Paael	11	
ܢܦܠ	nfal	to fall	verb			n-p-l	Peal	11	
ܢܓܕ	nǥad	to pull, draw	verb			n-g-d	Peal	11	object suffix usage
ܢܘܣܟܐ	nussāḵā	pouring, libation	noun	m	emphatic	n-s-k		11	from root n-s-k
ܦܣܥ	pāsaʿ	to cut, prune	verb		emphatic	p-s-ʿ	Peal	11	object suffix frequent
ܦܕܥ	pədaʿ	to inform, make known	verb		emphatic	p-d-ʿ	Peal	11	transposes object suffix
ܡܪܚܡܢܘܬܐ	mraḥmānūttā	mercy, compassion	noun	f	emphatic	r-ḥ-m		11	from root r-ḥ-m
ܩܘܒܠܐ	qubbālā	acceptance, reception	noun	m	emphatic	q-b-l		11	from root q-b-l
ܪܟܒ	rākeb	to ride, mount	verb		emphatic	r-k-b	Peal	11	takes object suffix
ܫܪܪ	šarrar	to confirm, make firm	verb			š-r-r	Pael	11	takes object suffix
ܬܒܪ	tbar	to break	verb		absolute	t-b-r	Peal	11	common with object suffixes
ܫܩܠ	šqal	to lift, carry	verb			š-q-l	Peal	11	takes object suffix
ܥܫܢ	ʿəšan	to strengthen, prevail	verb			ʿ-š-n	Peal	11	object suffix usage
ܫܢܐ	šānē	to change, alter	verb		emphatic	š-n-y	Peal	11	object suffix common
ܫܪܒ	šāreb	to drink	verb		emphatic	š-r-b	Peal	11	takes object suffix
ܫܡܝܪܐ	šəmīrā	watch, guard	noun	m	emphatic	š-m-r	Peal	11	from š-m-r
ܫܬܝܐ	šetyā	drinking	noun	m	emphatic	š-t-y		11	from root š-t-y
ܐܣܝ	ʾasī	to heal	verb			ʾ-s-y	Aphel	11	
ܥܡܪ	ʿāmar	to dwell, inhabit	verb		emphatic	ʿ-m-r	Peal	11	transposes object suffix
ܥܡܕ	ʿāmed	to stand firm	verb		emphatic	ʿ-m-d	Peal	11	object suffix usage
ܦܘܢܝܐ	pūnnāyā	answer, return	noun	m	emphatic	p-n-y		11	from root p-n-y
ܚܣܪ	ḥāsar	to lack, be deprived	verb		emphatic	ḥ-s-r	Peal	11	takes object suffix
ܕܡܢ	dumān	from that place	adv					12	
ܗܘ	haw	that (m)	demonstrative	m				12	
ܗܕܐ	hādē	this (f)	demonstrative	f				12	
ܗܟܢ	hākannā	thus, so	adverb					12	
ܗܠܝܢ	hāllēn	these (c)	demonstrative	c.pl				12	
ܗܢܐ	hānā	this (m)	demonstrative	m				12	
ܗܢܝܢ	hānēn	those (f)	demonstrative	f.pl				12	
ܗܢܘܢ	hānōn	those (m)	demonstrative	m.pl				12	
ܗܝ	hāy	that (f)	demonstrative	f				12	
ܡܟܢܬܐ	makknatā	place, position	noun	f	emphatic		Peal	12	
ܬܪܘܓܡܐ	tregumā	translation	noun	m	emphatic		Peal	12	
ܫܠܚ	šlaḥ	to strip off / cast away	verb	verb		š-l-ḥ	Peal	12	Used for removing garments or sin
ܫܪܪܐ	šrārā	truth, reality	noun	m	emphatic			12	Cf. Heb ʾĕmet, Gk alētheia; šrār
ܐܘܟܡܐ	ʾōkmā	how	adv					12	
ܥܣܪܐ	ʿesrā	ten	num	m	emphatic		Peal	12	
ܚܕ	ḥad	one	number					12	
ܚܡܫܐ	ḥammšā	five	num	m	emphatic		Peal	12	
ܚܫܘܟܐ	ḥešūḵā	darkness	noun	m	emphatic			12	Antonym of *nūhrā* (light)
ܚܐܕܝܐ	ḥādyā	one	num	m	emphatic		Peal	12	
